,artist_name,track_name,genre,lyrics,release_date
1,frankie laine,i believe,pop,believe drop rain fall grow believe darkest night candle glow believe go astray come believe believe believe smallest prayer hear believe great hear word time hear bear baby touch leaf believe believe believe lord heaven guide sin hide believe calvary die pierce believe death rise meet heaven loud amen know believe,1950
2,johnnie ray,cry,pop,sweetheart send letter goodbye secret feel better wake dream think real false emotions feel heartaches hang long blue get bluer song remember cloudy hair,1950
3,pérez prado,patricia,pop,kiss lips want stroll charm mambo chacha meringue heaven arm japan brag geisha care long uncle eye starry sort gleam like million dollar dream come true everybody wish steal heart away guess try eye starry sort gleam like million dollar dream come true kiss lips want stroll charm japan brag geisha care long uncle,1950
4,giorgos papadopoulos,apopse eida oneiro,pop,till darling till matter know till dream live apart know hearts till world free oceans cross mountains climb know gain loss pray loss time till dream till memory till hold till oceans cross mountains climb know gain loss pray loss time till dream till memory till hold till,1950
5,perry como,round and round (with mitchell ayres and his orchestra & the ray charles singers),pop,convoy light dead ahead merchantmen trump diesels hammer oily kill grind knuckle white eye alight slam hatch deadly night cunning chicken lair hound hell devil care run silent run deep final prayer warriors secret sleep merchantman nightmare silent death lie wait run silent run deep sink final sleep chill hearts fight open ocean wonder lethal silver fish boat shiver cast millions play killer victim fool obey order rehearse lifeboat shatter hull tear black smell burn jones eye watch crosswire tube ready medal chest weeks dead like rest run silent run deep final prayer warriors secret sleep merchantman nightmare,1950
6,freestyle,opm medley: when i met you,pop,piece mindin world knowin life come bring give world know give reason feelin give mean life go exist begin touch hair look eye know know good sure endure light world care away ache give reason feelin give mean life go exist begin bakit ganyan bakit ganyan ibig lagi kang pagmasdan umula umaraw hindi pagsasawaan iyong katangian damdamin ibangiba kapag kapiling sinta bakit ganyan damdamin maintindihan kailangan pagibig dahil nagmamahal magmula nang kita makilala bakit ganyan kung minsan nauutal kaba kapag kausap ngunit lumalakas loob kung ikaw nakatawa bakit ganyan damdamin maintindihan kailangan pagibig dahil nagmamahal magmula nang kita makilala think inlove feel restless inside want want thoughts night mind think think think single single night single moment life want spend think think think tell care tell tell feel word explain happen fast exactly feel right know long madness cause think think think single single night single moment life want spend think think think tell care tell tell feel medley give reason feelin give mean life go exist begin give reason feelin give mean life go exist begin think inlove,1950
7,johnny mathis,it's not for me to say,pop,care moment hold fast press lips dream heaven speak share glow grow pass meet break speak share glow grow pass meet,1950
8,stélios kazantzídis,klapse me mana klapse me,pop,lonely night surround power read mind hour night kiss lips hold tight unending real begin lonely night surround know certain flirtin night kiss lips hold tight baby maybe baby maybe,1950
9,stélios kazantzídis,finito la mouzika,pop,tear heart seat stay awhile tear heart game steal glimpse eye stare awhile steal glimpse eye game half awhile half game word mouth swallow speak awhile word mouth game offer lose say mean right look size right tear heart seat stay awhile tear heart game steal glimpse eye stare awhile steal glimpse eye game offer lose say mean right look size,1950
10,liva weel,"drømmer man om den, vågner..",pop,better sail midnight better dive pearl better ski aspen better feed squirrels better find horseshoe better lose head better think better say better sing right loud spot crowd better know better set dizzy better count basie band better coltrane better stand better better latest news better evans ballads better williams blue better hear lady check monterey better know better desi better route better kildare better quiz show fix better sing better hitchcock karloff flick switch better movies late night watch fight better circus elephants dance clown parade better peanuts popcorn fresh lemonade better rid midway better seal blow horn better shoot cannon better fresh ears corn better balance wire watch tigers leap better,1951
11,the chordettes,carolina moon,pop,moon shin shin wait moon pin pin place long hop tonight right window scatter light alright tell blue lonely dreamy moon shin wait pin place long hop tonight right window scatter light alright tell blue lonely dreamy moon,1951
12,frankie laine,necessary evil,pop,come motherfucker spit shit minutes chillin bitchin stuff frankly dont fuck intimate feel stuff feel like sit duck fuel cause theres weakness step fuckin bitch wanna test better caution extra warn mar yeah second horseman kill justify like family diss rest swaggin like rockstar limitless horrorcore bear mister death envy bitterness play rough fool piss presence perfect line spit sentence bless excrements holy shit endin want fight victim vengeance hook kill stone smother know flow super flow like fuckin know soul brother life like cover come punisher know gold hustlah pirate mafakka throath cutter know amazin controllin time space ancient mind razor rhyme alien laser eye cold roll dice crush glacier size fadin live high bitch think say straight think say clearly evil evil necessary prayers virgin diss hospital cemetary leave vast speculation quit rappin wack reputation write everyday lack termination education come motherfucker wanna packin chattin braggin demon rappin blastin smashin kickin jabbin peak game feel swaggin superrap flow little taste embrace feelin like waste greatest create dream replace fake reach overaged,1951
13,ghantasala,kanugona galano,pop,work morning flight watch even burn away tear life leave trouble door leave know hold go leave strand grind hear heart music end learn away hear heart music end learn away maybe think think know know heart feel like garbo late night grande hotel live hold go leave strand grind hear heart music end learn away hold go leave strand grind hear heart music end learn away hear heart music end learn away,1951
14,les paul,the carioca,pop,see carioca foxtrot polka little rhythm blue rhythm sigh meter tricky wicked wackywicky dance true dream carioca theme kiss sigh dream carioca music light go goodbye head better head dance begin arm lips carioca care polka realize blue hula bamboola tomorrow morning discover carioca lover dance true dream carioca theme kiss sigh dream carioca music light go say goodbye goodbye,1951
15,les paul,chicken reel,pop,hahaha alright yeah alright even shoot complain things go want cliché life easy tough easy whatcha gonna whatcha gonna smile face world better place smile face whatcha gonna whatcha gonna smile face world better place smile face whatcha gonna whatcha gonna thing dreamer think uncool preach better life learn school life live come life life easy tough life easy whatcha gonna whatcha gonna smile face world better place smile face whatcha gonna whatcha gonna smile face world better place smile face whatcha gonna whatcha gonna things right need fighta life nicea elders polite hurt forget smile nation small good reward unite stand divide fall smile face greet life easy tough easy whatcha gonna whatcha gonna smile face world better place smile face whatcha gonna whatcha gonna smile face alright world better place smile face whatcha gonna whatcha gonna smile face yeah world better place smile face whatcha gonna whatcha gonna smile face smile world better place smile face yeah whatcha gonna whatcha gonna people smile hate screw lot happiness rasta know wish coulda come jamaica honolulu smile face good smile smile fine know vibes smile give inside smile look beautiful like come haha dimple cute hahaha happiness zeen smile,1951
16,les paul,blue skies,pop,blue sky smile blue sky bluebirds sing song bluebirds long shin bright things go right notice days hurry blue days go blue sky blue sky smile blue sky shin bright things go right notice days hurry blue days go blue sky blue sky,1951
17,les paul,dark eyes,pop,light bright dark shit backstage alright cause tons trays tons smoke cars tons pain slice skin break heart religion second highs like badminton bathrooms hide flask bag good girls act kill hardly stronger single hour pass feel longer yeah hour glass pour grain get smaller drink come quicker star smoke cloud look like autumn tree pretty color black thoughts eye bloodshot music note know feel skin lick feel high kill drink girl smell sweet whiskey breath throw death girl sweet sexy mess throw death death death death death death death death death death feel feel motto take pills real need slow life like time lapse drug run time pass tell fuck need help young live life seat belt middle ocean pick seashells give detail live hell doubt time fuck feet fell california bear raise single female surf guess email tell stop need swear know felt pain pain killers wash away rain rain fall spot get go shoot maybe heart stop girl smell sweet whiskey breath throw death girl sweet sexy mess throw death death death death death death death death death death,1951
18,asha bhosle,kotha mukunda,pop,wander garden fence say bring great expense potion guarantee bring relief suffer say exist grasp firmly wrist throw strap torture rack argument mind bend course devious torment worse say speak voice weak tongue blame maybe speak shame brain idle think hasten reply like fool believe think somebody leave,1952
19,asha bhosle,awaz deta hai sola ka din,pop,easier bitch leave happier face upstairs agonna stomp shout door gonna throw laundry hold shotgun dosido want cyrano easier bitch go little miss little miss little miss wrong little miss little miss little miss wrong gonna sound gong little miss little miss little miss wrong whatcha roll songs people thoughts handmedowns simply turn cook nice brain surgery mama awith monkey wrench little miss little miss little miss wrong gonna sound gong little miss little miss little miss wrong whatcha roll songs yeah wrong wrong wrong wrong wrong cigarettes gonna cough hear song piss fine dollar ninetynine little miss little miss little miss wrong gonna sound gong little miss little miss little miss wrong whatcha roll songs little miss little miss little miss little miss wrong wrong wrong wrong little miss little miss little miss little miss wrong wrong little miss little miss little miss little miss wrong yeah,1952
20,mohammed rafi,jahan men log sachhe ashikon ko,pop,park bag pack kind heart look comfortable glow porch word come undo face ghost decide inside burn need kill breathe hold hand search breath leave hop someday breathe breathe open secrets truth distance shelter come view hang head break heart build tear apart burden anymore need kill breathe hold hand search breath leave hop someday breathe hurt want hurt go need kill breathe hold hand search breath leave hop someday breathe breathe need kill breathe hold hand search breath leave hop someday breathe breathe,1952
21,ghantasala,avanee nee pathi,pop,feel take moment feel force veiny point tear hold point point clean stable face stay face fact fine say fine remember head manna hell drug need little think take like grow cry pavement hop face hear thing say couple days seat shake ask felt alright want hear truth want hear voice sound fine voice sound fine feel heartbeat take moment sleep alright veiny selfish fear restless night restless night blood sober feel audible crack tell curtain hang neck realize perfect teeth rip head look like paint know thoughts tire leak intact pray think angels end ambulances lord show dream daughter cry inside stomach felt,1952
22,ghantasala,ee jagamantha natika,pop,know baby hang touch weak strong know cope down stay need roses right arm sweet thorns know touch weak strong know cope down stay need touch weak strong know cope down stay need touch weak strong know cope down stay need,1952
23,les paul,smoke rings,pop,tell smoke ring blow night circle blue white picture dream fade phantom parade care away night blow blow silky little ring little smoke ring care away night blow blow silky little ring little smoke ring,1952
24,mukesh,hum tujhse mohabbat kar ke,pop,fly high sing good bring sing like brother tell wanna cause wanna sing song wanna arm night long wanna know wanna peaceful feelin home summer thunder moonbright days northern light sky ablaze bring lover sing silver wing fiery trail sing bring wanna sing wanna sing song wanna arm night long wanna know wanna peaceful feelin home wanna sing song wanna arm night long wanna know wanna peaceful feelin home wanna peaceful feelin home,1952
25,lata mangeshkar,paas nahin aaiye haath na lagaiye,pop,letter straight heart near apart night write memorize line kiss sign darling read right start letter straight heart,1952
26,lata mangeshkar,main na janoon,pop,watch sunrise tropic isle pyramid nile remember darlin belong market place algiers send photograph souvenirs remember dream appear belong maybe lonesome blue ocean silver plane jungle rain remember home belong ocean silver plane jungle rain remember home belong,1952
27,asha bhosle,gullyachi shapath,pop,fuck fuck fuck rise fuck bitch know power face fuckin cowards wanna disembowel hour home smoke joint beat shower dispose evidence couple downers know know friends high drink drive innocent fool smile cause punk blow block nigga motherfucker fuck motherfucker punk bitch punk motherfucker motherfucker motherfucker motherfucker high motherfucker high motherfucker high ride motherfucker motherfuckin meet park pussy semper ready fight amendment right guarantee regardless shit like night grab spit shit spite push button fuck recite poems mean shed light hypocrites sodomites incite riot twilight zone tonight cause fuck shut fuck straight punk blow block fuck life cold hell control insecure know fuck immature try grow hydro power bring twin tower gather qaeda cowards burn hell deserve know fuck brother berg shut fuck straight punk blow block,1952
28,lata mangeshkar,judai ki khabar hoti agar,pop,fame fruit tree unsound flourish stock grind fame time fly die forget remember update ruin outdated style life memory happen long theatre sadness long forget easy stop wonder wonder safe womb everlasting night darkness brightest light safe place deep earth know truly forget remember update ruin outdated style fame fruit tree unsound flourish stock grind fame time fly die fruit tree fruit tree know rain worry stand stare go fruit tree fruit tree open eye year know go,1952
29,lata mangeshkar,maagata maagata janm gele,pop,help weakness hear drifter carry courtroom take away hasn pleasant time long know wrong judge cast robe aside tear come fail understand say outside crowd stir hear door inside judge step jury cry stop curse jury cry attendant nurse trial time worse bolt lightning strike courthouse shape rybody kneel pray drifter escape,1953
30,lata mangeshkar,chupke chupke (from ''paying guest''),pop,choice life freedom voice government care health cigarettes liquor shelf propaganda feed hungry beast government best govern choice people voice anslinger shady lie congress say marijuana kill hemp fibers threaten paper mill,1953
31,asha bhosle,chahe kitna mujhe tum bulao ji,pop,hadn lonely awake wonder wide world save give lonely heart demand cupid take hand hadn,1953
32,asha bhosle,tu bol na bol,pop,touch lips spark fly devil lips know lie danger flame grow higher know surrender kiss like torch soul burn road return burn turn ash world crash kiss resist good try good deny desire kiss heart completely slave slave want pity pity lips lips borrow tonight devil tomorrow know kiss doom consume kiss resist good try good deny desire kiss heart completely slave slave want pity pity lips lips borrow tonight devil tomorrow know kiss doom consume kiss aaah burn,1953
33,mukesh,raat andheri door savera,pop,time feelin good time stoppin time livin high dust smilin onward thoughts away home travelin time settle satisfy wanderlust roam know havin good days gonna future look brighter past feel need worry reason memories remind maybe road life shin point diggin cities land extend welcome hand till morning time know havin good days gonna future look brighter past feel need worry reason memories remind maybe road life yeah yeah yeah yeah maybe road life road life yeah yeah yeah yeah yeah yeah yeah,1953
34,ghantasala,thunintha pin,pop,rebel runner signal turn green restless young romantic want machine problem poison know cure clean systems nature pure learn match beat world learn catch heat world mistake learn mend mess make know right young choose world weak lose world radio receiver tune factories farm writer ranger young bear arm problem power weapons patrol walk fine line selfcontrol try save world try pave world concern yesterday know constant change today know right weak choose wise world fool lose world learn match beat world learn catch heat world world,1953
35,les paul,i'm sitting on top of the world,pop,sit world roll roll quit blue world sing song sing song hallelujah phone parson ready like humpty dumpty ready fall sit world roll roll quit blue world sing song sing song,1953
36,les paul,the world is waiting for the sunrise,pop,dear world wait sunrise cover world wait sunrise heart call dear world wait sunrise little cover heart call thrush high sleepy mate call heart call,1953
37,t. m. soundararajan,ethanai periya,pop,watch world surround inside phone booth begin astound try couth say sunday cause rybody tellin truth monday yeah monday cause rybody drinkin vermouth lend hand kiss stand give away free acid joke smoke barely drive dusk headlights headphones tomorrow plan shop spree love hard like billboard grin toast life beauty head begin spin press cheek rainwashed streets weep reincarnation come december thirtyfirst worst time year think people like share beer have january explanations appear,1953
38,talat mahmood,ansoo to nahin hai ankhon men,pop,yeah dance ceiling dance floor people come door know party go dance romance night long know cold outside come baby satisfy time steal groove party party party baby house party come baby crazy soul know gonna lose control boogaloo want know cold outside come baby satisfy time steal groove party party party baby house party yeah yeah know baby know cold outside come baby satisfy time steal groove party party party baby house party say groove baby lose say roll stroll baby control party baby party baby party baby house party party party party party party party party come body party party come body,1953
39,andy williams,it's the most wonderful time of the year,pop,wonderful time year kid jingle bell tell good cheer wonderful time year haphappiest season holiday greet meet friends come haphappiest season party host marshmallows toast carol snow scary ghost stories tales glory christmases long long wonderful time year mistletoeing hearts glow love ones near wonderful time year party host marshmallows toast carol snow scary ghost stories tales glory christmases long long wonderful time year mistletoeing hearts glow love ones near wonderful time wonderful time wonderful time wonderful time year,1953
40,lata mangeshkar,chandan ka palna resham ko dori,pop,want know remember silly forget matter want need belong rest life marry wife wooo rest life marry wife wooo,1954
41,lata mangeshkar,le chal ri nindiya le chal hamen,pop,stand stand walk jaw hell walk jaw hell anytime anytime stand wipe anytime wipe anytime anytime stand raindrops raindrops raindrops raindrops raindrops raindrops raindrops raindrops raindrops raindrops raindrops raindrops raindrops raindrops raindrops raindrops raindrops raindrops raindrops raindrops raindrops raindrops raindrops raindrops raindrops raindrops raindrops raindrops raindrops raindrops raindrops raindrops raindrops raindrops raindrops raindrops raindrops raindrops raindrops raindrops raindrops raindrops raindrops raindrops raindrops raindrops raindrops,1954
42,frankie laine,after you've gone,pop,know inside know sorry tale hyde die know tragedy intent hyde evil forever kill good mean good fine line good think think free simply away face mirror close eye disappear face face mirror long live nightmare die scream tonight shall demon dream dream friend nightmare go hyde stay matter pretend flourish long go soon memory hide choose lose control control live deep inside feel devour soul need survive need dance death rejoice breathe final breath live inside forever satan know forever able separate jekyll hyde time damn hyde leave deep inside hyde forever damn hyde evil deeds hell jekyll,1954
43,asha bhosle,mere hamsafar tujhe kya khabar,pop,hold close tonight hear doubt alright felt special dream come true happen know care wrap arm world special mystery special,1954
44,sven-bertil taube,viljen i veta (would you like to know?),pop,world trouble baby world pain world trouble grind gain give watch world go hard life live walk world sorrow world shame world sorrow grind gain spend life wish want wonder long life live walk world golden world plain world soul compass heart pair wing horizon rise bright azure rest time give walk high,1954
45,bobby vinton,blue velvet,pop,blue wear blue bluer night softer satin light star wear blue bluer eye warmer tender sigh hold tightly feel rapture grow like flame burn brightly leave go glow blue heart precious warm memory years blue tear wear blue heart precious warm memory years blue tear blue,1954
46,los hermanos arriagada,poema,pop,night mind deep dream till time look eye touch soul hard hide apart feel heart know lock door throw away save save night dream belong hold feel right heart lock door throw away save save night save save turn know come baby stay save save turn need save save save save save baby save save,1954
47,the drifters,the bells of st. mary's,pop,bell stmary hear call young love true love come beloved leave fall bell shall ring ring bell stmary hear call young love true love come beloved leave fall bell shall ring ring,1954
48,the chordettes,for me and my gal,pop,bell ring bird sing rybody know wed go weeks sew congregate parson wait gonna build little home land,1954
49,harry belafonte,mark twain,pop,granddad tell river pilot showboat call stage hobnob southern bell roustabout listen paddle wheel hear leadsman shout twain fathom deep twain heave gang plank start twain play banjos mississippi round gulf mexico gamblers crook fakers minstrel dance singin lamour import straight floatin palace showboat call stage granddad calliope quiet rudder rust main deck paddle wheel cover high dust granddad standin halo round pilot hear,1954
50,harry belafonte,the next big river,pop,boat ashore hallelujah boat ashore hallelujah river chilly cold hallelujah warm human soul hallelujah world mighty place hallelujah satan face hallelujah boat ashore hallelujah boat ashore hallelujah hallelujah walk right hallelujah reason felines permit hallelujah hallelujah boat ashore hallelujah boat ashore hallelujah hear say hallelujah world think dead hallelujah take ride hallelujah whale inside hallelujah boat ashore hallelujah boat ashore hallelujah build hallelujah work dark hallelujah leave foreign shore hallelujah family oars hallelujah boat ashore hallelujah boat ashore hallelujah nail cross hallelujah lose hallelujah soldier hallelujah hold line arkansas hallelujah boat ashore hallelujah boat ashore hallelujah jericho hallelujah alabama hallelujah mississippi kneel pray hallelujah bus hallelujah boat ashore hallelujah boat ashore hallelujah,1954
51,lata mangeshkar,sitaron ki mehfil saji,pop,rope throw fall know deep stare real hard water perceive distance yeah distance world measure hand land write understand distance yeah distance awake hear breathe inch space need live dead awake hear breathe inch space need live dead climb earth tallest mountain reach bullet straight sight stop heavens half high distance distance,1954
52,a. m. rajah,gopiparivrito,pop,deal pharmaceuticals sell pills yesterday sister call tell kill respectable doctor hill shoot heart feel thing poor deal pharmaceuticals sell expensive drug give money hell think medicine prescription fill come goodbye sorry die come finish pay come finish pay come finish pay come finish pay deal pharmaceuticals sell pills yesterday sister call tell kill medicine prescription fill come goodbye sorry die come finish pay come finish pay come finish pay come finish pay,1954
53,jonah jones,you're the cream in my coffee,pop,fade dear serenade evade wonder blue listen plead nearness need time heed offer quanto sonno agiu perso famme durmi notte abbraciata quanto sonno agiu perse famme durmi quanto sonno agiu perse famme durmi,1954
54,lata mangeshkar,kabhi khamosh rahte hain,pop,feel better fuck write better stick grind teach lesson cause learn yeah shin children burn heart beat cage want want feel feel stick city belong field yeah leave leave leave leave leave leave leave morning eat heart beat cage friends laugh love mistrust help look leave go concert fight crowd guess excite think get leave leave leave leave leave leave leave sorry think steal heart beat cage heart beat cage heart beat cage,1955
55,mohammed rafi,khanke to khanke,pop,heart home lips know rest heart home home suit best eye know life eye know home heart heart endure nicest heart home know roam line heart home divine heart home heart home divine heart home,1955
56,johnnie ray,here am i,pop,break hearted forget mighty soon break hearted time say goodbye know lose lose therer girl break hearted heart know pain hadn love vain break hearted,1955
57,les paul,brazil,pop,brazil hearts entertain stand beneath moon softly murmur someday soon kiss cling tomorrow morning away million things twilight dim recall thrill thing certain return brazil,1955
58,les paul,"baby, won't you please come home",pop,feel okay good cause lately feel strange like rearrange change voice ones hear head fellas tell better dead paint lately get harder sleep muscle spasms deep single night cold like feel hand toe tell pour come yeah cold feel face wear go moon feel like death come soon wanna fuck sleep mmmmm flash eye pretty angels bright light devil soul look hell like,1955
59,frankie laine,jezebel,pop,jezebel jezebel devil bear pair horn jezebel pair eye promise paradise jezebel devil plan torment decieving grieve leave blue jezebel devil bear pair horn jezebel pair eye promise paradise jezebel devil plan torment decieving grieve leave blue jezebel know lover forsake dream goals silent scorn charm jezebel devil plan torment decieving drieving leave blue jezebel night jezebel jezebel jezebel,1955
60,bill haley & his comets,two hound dogs,pop,hound rhythm blue hound dog name rhythm blue hound rompin rhythm blue hound rockin rhythm blue hound crazy rhythm blue hound hound hound hound rhythm blue yeah rhythm blue romp stomp roll stop save soul rhythm blue hound dog sittin stump diggin music start jump dance shoe dog name rhythm blue hound rhythm blue hound dog name rhythm blue hound rompin rhythm blue hound rockin rhythm blue hound crazy rhythm blue hound hound hound hound little white rabbit cross road rockin arollin like crazy toad rhythm say blue match rabbit place hound rhythm blue hound dog name rhythm blue hound rompin rhythm blue hound rockin rhythm blue hound crazy rhythm blue hound hound hound hound rhythm say blue blue say rhythm crazy bail trail arockin arollin awaggin tail hound rhythm blue hound dog name rhythm blue hound rompin rhythm blue hound rockin rhythm blue hound crazy rhythm blue hound hound hound hound hound hound hound hound,1955
61,les paul,sleep,pop,sleep sleep sleep sleep close joy fade away memories sweet repeat dream creep sleep sleep sleep daytime laughter song even bring romance lovers stroll night time bring rest weary sooths hearts dreary leave dream bring sweet golden dream sleep sleep sleep sleep close joy fade away memories sweet repeat dream creep,1955
62,lata mangeshkar,mera dil yeh pukare aaja,pop,forth try open close door wear pride hide pain know win play game tell need stay steal heart free tell leave come unglued tell truth reason excuse lie say goodbye leave ought know repeat away past someday repeat tell truth,1955
63,ted heath,to you my love,pop,long finish patrol light burn distance dare sound scar snow sleep giants listen tether line gold brothers patrol breathe keep rhythm know get cold wool cape weave smell lavender lipstick come home know better watch snow wive mother pray count rosaries lover lipstick lavender keep close hold close hour escape sunlight run mountain ravenous face moon come soon stay late feel goddamn ring gold heat hair promptly cool set light blind paint pattern skin head dovetail nicely chest lay shop face forge think tend coal smiths flame high eye dream lie bridle hades good control bellow breathe work painfully slow hold taste reward white iron draw like paint know know tell time need loud feel right listen whisper lips graze line memorize word press leave mark promise pull knuckle white breathe slip mountain ridge finish,1955
64,ted heath,believe in me,pop,niggas wasn runnin dark like niggas wasn talk bout light niggas wasn runnin dark like niggas wasn runnin dark like niggas wasn talk bout light niggas wasn runnin dark like look demon doin tupid shit talkin reason know things okay right tryna dream path gettin cake want place late okay away dark minute minute yeah lookin create tenets hang nigga finish play diminish yeah yeahyeahyeah goofy beat like switch kick gucci heat deck hit hand tie leave right wrists know address ghostie bitch turn arrows bullets cupid believe shit swallowin flow neck slit foes cause hatin time statement mind body ghostie fade body want sloppy weak better broccoli muddiest league fuck bitch come come come come mmmm come come come come,1956
65,ted heath,take the “a” train,pop,drinkin team daniels homey bean kinda blitz try behave walk soldier fuzzy naval fallin stumblin crawlin come police captain rapper say freeze say hand hand key kinda simple come marguarita friend ask friend bout marguarita say virgin wouldn wanna meet talk marguarita cause flyer take coast cause want screw driver speech plenty tequila beach tequila tetete tequila tequila fussin mexican white russians drink hand walk cuervo marguaritas talk wise cause distinguish ives speak english say better think fast cause kinda crazy hear shoot glass give advice go like catch night train head cisco wanna stick catch york grey hound zone everybody stylin sippin teas long island black party come halt cause drink tequila lemon assault tequila tetete tequila tequila wake morning felt like zombie tequila gold label bomb wake late wasn feelin great say bicardi party startin walk party start playin game play top fuzzy quarter bartles come tell chill brothers take strawberry take mink barely think cause tequila drink tickle pink music come rock instrumental groupie name oriental groupie girl jocks wear black drink scotch rock fake marriage honeymoon zone vagabond blue lagoon everybody word wise girly bottle tequila sunrise tequila tetete tequila tequila tequila tetete tequila tequila,1956
66,lata mangeshkar,pahuni raghunandan savala,pop,yippie kiyo check lettuce tomato forget mayo know bite style gucci carryon fido ucci coochie good gucci beach good pucci hood like fry piece club minaj groupies okay coofiecoofie know flava foofyfoofy know gucci suit gucci coupe soft gucci roof listen chick chick muthaooh sign check,1956
67,bill haley & his comets,come rock with me,pop,come gang arock vive roll boulevard agay paris vive roll rockin rockin brother brother rockin right bank rockin leave bank night long night long rock rock sister sister rockin right bank rockin leave bank vive vive company paris vive vive marcherie vive roll dance dance vous plaît vous plaît look brother clock night night rock rock go go rockin right bank rockin leave bank night long night long vive vive company paris vive vive marcherie vive roll vive vive company paris vive vive marcherie vive roll vive vive company paris vive vive marcherie vive roll vive roll vive roll vive roll vive roll,1956
68,lata mangeshkar,antar mantar jantar,pop,chain heart free grow cold longer care go heartaches linger chain heart free tear eye spark somebody chain heart free instrumental heart word sympathy fair heart longer care beat chain heart free chain heart free grow cold longer care go heartaches linger chain heart free,1956
69,lata mangeshkar,kahan se yeh sholon ka toofan aaya,pop,temperature risin fever high future feet heavy head wish junkie wish dead cold turkey body achin pimple bone want leave eye wide open sleep thing sure deep freeze cold turkey thirty hours roll pain pray free good promise hell cold turkey,1956
70,the platters,temptation,pop,come know temptation smile lure heart go temptation thrill will pity smile lure heart go temptation heart slave slave,1956
71,harry belafonte,unchained melody,pop,darling hunger touch long lonely time time go slowly time need need godspeed lonely mountain gaze star star wait gaze star star dream away darling hunger touch long lonely time time go slowly time need need godspeed,1956
72,the platters,on my word of honor,pop,word belong true word trust heart pledge life lips kiss tell forever cross heart word mean sware star word lips kiss tell forever cross heart word mean sware star word myyyyy loooooove,1956
73,pete yorn,just my imagination (running away with me),pop,look window watch pass girl like dream come true girls world love true baby imagination run away imagination run away soon marry raise family boys girls tell fellow track mind want baby seek shall imagination run away yeah imagination run away night pray dear lord hear plea surely ecstasy arm enfold hear tender rhapsody reality know imagination run away imagination run away imagination run away imagination run away run away run away run away run away,1956
74,the clovers,don't you know i love you,pop,throw horseshoe leave shoulder spend life search leaf clover chase rainbows go go babe music world sing get grow lose make sorry worry know go,1956
75,johnny mathis,"love, your magic spell is everywhere",pop,magic spell know fair leave laugh fate late come heart soul mate forget voice whisper magic spell know fair leave laugh fate late come heart soul mate forget voice whisper,1956
76,the platters,heart of stone,pop,blame come alternate plan paint shame beneath frame tell sunrays hair naturally gold couldn save somebody give heart stone voice like breeze passionate undertone passion somebody fashion heart stone blame come alternate plan paint shame beneath frame tell roses kiss cheek lovely tone satan master finally kiss heart stone,1956
77,the platters,have mercy,pop,controversy moments like mean kiss lend lips dear pity darling time word come lips grow numb fear near want child walk begin crawl voice talk child conversation tell heart hear word lips near dear want child walk begin crawy voice talk child conversation tell heart hear word lips near dear,1956
78,the platters,you've changed,pop,change sparkle go smile careless yawn break heart change change kiss blasé bore understand change forget word memory share ignore realize care change know need tell change forget word memory share ignore realize care change know need tell change,1956
79,harry belafonte,i do adore her,pop,shadow fall star appear pain feel relive faithful turn away reveal hang heart sleeve thruout life assure moment amour think tender lips gentle touch fingertips reminisce eye fair moonlight soft downy hair reveal hang heart sleeve thruout life assure moment amour smile hold hand heart beguile feel warmth earnest prayer darling shield despair reveal hang heart sleeve thruout life assure moment amour stand thinkin joy time make fool distant reveal hang heart sleeve thruout life assure moment amour,1956
80,jerry vale,"ciao, ciao, bambina",pop,ciao ciao bambina bacio ancora sempre perderт comme fiamma amore passa volta raindrops tremble face dear teardrops know ciao ciao bambina heart call rain fall vorrei trovare parole nuove piove piove nostro amore rain fall,1956
81,jerry vale,non dimenticar,pop,dimenticar mean forget darling forget mean dimenticar like darling shin bright clear forget lips hold tight dear dream heart felt glow tonight dear dimenticar travel darling heart dimenticar separ allontan destino colpa sentiro sempre vicino dimenticar travel darling heart dimenticar,1956
82,jerry vale,al di la,pop,mean distant lovely even walk flower bloom smile gloom turn heart open wide go fade inside die wonder drift lift kiss give save lifetime know completely,1956
83,harry belafonte,matilda,pop,money venezuela money venezuela dollars friends lose woman sell cart horse heya money venezuela everybody sing sing little louder money venezuela go round corner sing money venezuela money house plan ahey money venezuela everybody money venezuela go round corner money venezuela money inside stick pillow beneath head know money everybody money venezuela hooma locka chimba bring little water money venezuela women money venezuela everybody goin round corner bring little water money venezuela friends money go vain heya money venezuela everybody balockachimba money venezuela sing little softer money venezuela everybody sing money venezuela,1956
84,the clovers,devil or angel,pop,devil mind like devil dear whichever miss miss miss devil leave mind devil dear whichever need need need look like smile divine guess devil leave mind devil dear whichever devil leave mind devil dear whichever,1956
85,harry belafonte,hosanna,pop,hosanna build house hosanna build house hosanna build house hosanna build house house build weak foundation stand stoics stall creation stand house build weak foundation stand stoics stall creation stand hosanna come come burn come blow house house weak house build weak foundation stand stoics stall creation stand hosanna build house hosanna build house hosanna build house hosanna build house house build foundation stand stoics stall creation stand hosanna come come shine blow house house strong hosanna build house hosanna build house hosanna build house hosanna build house,1956
86,jerry vale,volare (nel blu dipinto di blu),pop,world valley heartaches tear hustle bustle appear remind leave shadow volare cantare cloud away madden crowd sing glow know lovers enjoy peace mind leave confusion disillusion like bird feather rainbow volare cantare wonder heart sing give wing give wing give wing,1956
87,the platters,why should i,pop,time tell goodbye believe kiss wonder kiss care hold spell fool dear tell know goodbye know pretend love hold spell fool dear tell know goodbye know pretend love,1956
88,johnny mathis,in other words (fly me to the moon),pop,moon play star spring like jupiter mar word hold hand word darling kiss life song sing forevermore worship word true word,1956
89,lavern baker,i'll never be free,pop,time hold arm grow cold ache place darling embrace free lips burn desire kiss put satisfy long free smile tender sweet surrender eye free remember thrill sigh like chain bind heart remain apart kiss give slave free,1956
90,the platters,remember when,pop,remember dahdootdoodoo dahdootdoodoo lips afraid remember dahdootdoodoo surprise dahdootdoodoo heaven heart leap eye remember cry dumb think darling deep inside feel feel divine love dahdootdoodoo dahdootdoodoo remember remember cry dumb think darling deep inside feel feel divine love remember,1956
91,the clovers,love love love,pop,clovers peak july diamonds peked july nothin world girl nothin world girl thing thinkin feelin blue nothin world girl nothin world girl thing thinkin pick pick feel lowdown feel lowdown smile wearin frown want need loove loove loove loove loove loove loove loove loove drink till head go round round loove loove loove come turtle annotate submit sanchez,1956
92,johnny mathis,it might as well be spring,pop,restless windstorm jumpy puppet string spring fever know spring starry eye vaguely discontent like nightingale song sing spring fever spring wish walk strange street hear word hear girl meet busy spider spin daydream giddy baby swing see crocus rosebud wing feel melancholy spring spring wish walk strange street hear word hear girl meet busy spider spin daydream giddy baby swing see crocus rosebud wing feel melancholy spring spring,1956
93,the platters,at your beck and call,pop,forever fate obey slave want question demand life command want matter away distance mean go year offer throne heart soul matter away distance mean cause go year offer throne heart soul baby,1956
94,the platters,september in the rain,pop,leave come tumblin remember september rain go like die ember september rain word hear whisper raindrops play sweet refrain spring september september rain word hear whisper raindrops play sweet refrain spring september september rain september rain,1956
95,the platters,i give you my word,pop,word word romance give lips heart soul heart break word heaven hear darling good life change word word heaven hear darling good life change word word word word,1956
96,jerry vale,more,pop,innamorata innamorata lips meet innamorata kiss kiss sweet innamorata hold close warm wine heaven door innamorata want innamorata symphony beautiful sonata innamorata sweetheart lips meet innamorata kiss kiss sweet innamorata hold close warm wine heaven door innamorata want innamorata symphony beautiful sonata innamorata sweetheart innamorata innamorata,1956
97,jerry vale,summertime in venice,pop,dream summertime venice summertime cafes sunlit days antique shop stop souvenir bridge boat blue dream winter long violins play song dream real feel lips know ocean apart venice summertime deep heart,1956
98,the clovers,here goes a fool,pop,world cold blood trap niggas show hoe backpack niggas afroes holla nigga budget try braid nope talk cornrows try grade look score play jigga hit good delivery bitch digiornos fuck real shit feel shit go realer shit sign deal go dealership take look credit say forget train shit change feel pain like build game like pimp caine little drug dealer reference niggas lie flashbacks teacher tell look nigga crazy look wing flier bird cosigner beamer whiter burbs like genius nerd tutor bitch admire curve noun verb try hide skirt come fuck hymnhim like choir church good momma tell good doctor lawyer black employ nigga affirmative action master tax cover fool bitch freshman class write pass hear shots fire yeah stone cast shit niggas hear album sound like classic niggas album plastic bastard gonna match nigga master shit practice catch ville nigga casket city like favorite jacket gonna wear damn night know pay shit bitch damn right,1956
99,t. m. soundararajan,chinna kelbyaadve nanna ppuraana,pop,lullaby birdland hear sigh wordland word reveal phrase feel hear turtle doves kind magic music lips kiss weepy know pillow tell farewell goodbye lullaby birdland whisper kiss sweet fly high birdland high lullaby lullaby hear turtle doves kind magic music lips kiss weepy know pillow tell farewell goodbye lullaby birdland whisper kiss sweet fly high birdland high,1956
